{
  "version": 1,
  "author": "Victor Hayashi",
  "editor": "wokwi",
  "parts": [
    { "type": "board-esp32-s3-devkitc-1", "id": "esp", "top": 0, "left": 0, "attrs": {} },
    { "type": "wokwi-led", "id": "led1", "top": 150, "left": 243.8, "attrs": { "color": "red" } },
    {
      "type": "wokwi-resistor",
      "id": "r1",
      "top": 205.55,
      "left": 182.4,
      "attrs": { "value": "1000" }
    },
    {
      "type": "wokwi-resistor",
      "id": "r2",
      "top": 224.75,
      "left": 201.6,
      "attrs": { "value": "1000" }
    },
    {
      "type": "wokwi-resistor",
      "id": "r3",
      "top": 224.75,
      "left": -134.4,
      "attrs": { "value": "1000" }
    },
    {
      "type": "wokwi-led",
      "id": "led2",
      "top": 186.32,
      "left": 271.67,
      "attrs": { "color": "green" }
    },
    {
      "type": "wokwi-led",
      "id": "led3",
      "top": 121.2,
      "left": -169,
      "attrs": { "color": "yellow" }
    },
    {
      "type": "wokwi-pushbutton",
      "id": "btn1",
      "top": 63.8,
      "left": -182.4,
      "attrs": { "color": "grey" }
    },
    {
      "type": "wokwi-photoresistor-sensor",
      "id": "ldr1",
      "top": 12.8,
      "left": -440.8,
      "attrs": {}
    }
  ],
  "connections": [
    [ "esp:TX", "$serialMonitor:RX", "", [] ],
    [ "esp:RX", "$serialMonitor:TX", "", [] ],
    [ "led3:C", "r3:1", "black", [ "h-28.32", "v66.1" ] ],
    [ "esp:9", "led3:A", "yellow", [ "h0" ] ],
    [ "r2:1", "esp:GND.4", "black", [ "v0" ] ],
    [ "r2:2", "led2:C", "black", [ "v0" ] ],
    [ "r1:2", "led1:C", "black", [ "v0" ] ],
    [ "led1:A", "esp:40", "red", [ "h48.1", "v-64.05" ] ],
    [ "btn1:2.r", "esp:18", "gray", [ "h38.6", "v29" ] ],
    [ "ldr1:GND", "esp:GND.1", "black", [ "h19.2", "v239.6", "h211.2", "v-48" ] ],
    [ "r3:2", "esp:GND.1", "black", [ "v0" ] ],
    [ "esp:41", "led2:A", "green", [ "h234.97", "v182.22" ] ],
    [ "r1:1", "esp:GND.4", "black", [ "v0" ] ],
    [ "ldr1:VCC", "esp:3V3.1", "red", [ "h0" ] ],
    [ "btn1:1.r", "esp:GND.1", "black", [ "v0", "h77", "v153.6" ] ],
    [ "esp:4", "ldr1:AO", "green", [ "h0" ] ]
  ],
  "dependencies": {}
}